build_id,repository_name,status,duration_seconds,error_type,timestamp
BLD-1001,User-Interface,Success,276,None,2026-06-30 01:26:08
BLD-1002,Backend-Auth,Success,289,None,2026-06-28 01:26:08
BLD-1003,Backend-Auth,Failed,184,Dependency Timeout,2026-06-28 01:26:08
BLD-1004,Payment-Gateway,Success,48,None,2026-07-02 01:26:08
BLD-1005,Backend-Auth,Success,69,None,2026-07-01 01:26:08
BLD-1006,Data-Pipeline,Failed,85,Unit Test Failed,2026-06-29 01:26:08
BLD-1007,Backend-Auth,Success,63,None,2026-06-28 01:26:08
BLD-1008,Payment-Gateway,Failed,293,Unit Test Failed,2026-06-28 01:26:08
BLD-1009,User-Interface,Failed,35,Syntax Error,2026-07-02 01:26:08
BLD-1010,Backend-Auth,Success,66,None,2026-06-26 01:26:08
BLD-1011,Backend-Auth,Success,204,None,2026-07-02 01:26:08
BLD-1012,Payment-Gateway,Failed,38,Dependency Timeout,2026-06-30 01:26:08
BLD-1013,User-Interface,Success,282,None,2026-06-26 01:26:08
BLD-1014,Payment-Gateway,Success,103,None,2026-06-25 01:26:08
BLD-1015,Data-Pipeline,Success,218,None,2026-06-28 01:26:08
BLD-1016,Backend-Auth,Success,135,None,2026-06-25 01:26:08
BLD-1017,Data-Pipeline,Success,196,None,2026-06-27 01:26:08
BLD-1018,Payment-Gateway,Success,182,None,2026-06-25 01:26:08
BLD-1019,Payment-Gateway,Failed,204,Unit Test Failed,2026-07-02 01:26:08
BLD-1020,Payment-Gateway,Success,97,None,2026-07-01 01:26:08
BLD-1021,Backend-Auth,Success,251,None,2026-07-01 01:26:08
BLD-1022,Data-Pipeline,Success,195,None,2026-06-28 01:26:08
BLD-1023,Data-Pipeline,Success,195,None,2026-06-26 01:26:08
BLD-1024,Data-Pipeline,Success,43,None,2026-06-28 01:26:08
BLD-1025,Data-Pipeline,Success,140,None,2026-06-26 01:26:08
BLD-1026,User-Interface,Success,244,None,2026-06-30 01:26:08
BLD-1027,User-Interface,Success,97,None,2026-06-25 01:26:08
BLD-1028,Backend-Auth,Success,165,None,2026-07-02 01:26:08
BLD-1029,Data-Pipeline,Success,206,None,2026-06-30 01:26:08
BLD-1030,Data-Pipeline,Failed,252,Dependency Timeout,2026-06-30 01:26:08
BLD-1031,Payment-Gateway,Failed,241,Dependency Timeout,2026-07-01 01:26:08
BLD-1032,User-Interface,Success,228,None,2026-06-28 01:26:08
BLD-1033,User-Interface,Success,97,None,2026-07-02 01:26:08
BLD-1034,Payment-Gateway,Success,133,None,2026-06-29 01:26:08
BLD-1035,Data-Pipeline,Success,50,None,2026-06-26 01:26:08
BLD-1036,Payment-Gateway,Success,241,None,2026-06-29 01:26:08
BLD-1037,User-Interface,Success,255,None,2026-06-28 01:26:08
BLD-1038,Backend-Auth,Success,193,None,2026-06-30 01:26:08
BLD-1039,Backend-Auth,Success,172,None,2026-06-25 01:26:08
BLD-1040,User-Interface,Success,255,None,2026-06-27 01:26:08
BLD-1041,Backend-Auth,Failed,202,Dependency Timeout,2026-06-29 01:26:08
BLD-1042,Backend-Auth,Failed,33,Syntax Error,2026-07-02 01:26:08
BLD-1043,Payment-Gateway,Success,259,None,2026-06-25 01:26:08
BLD-1044,Data-Pipeline,Success,152,None,2026-06-25 01:26:08
BLD-1045,Payment-Gateway,Failed,256,Syntax Error,2026-06-25 01:26:08
BLD-1046,Data-Pipeline,Success,237,None,2026-07-01 01:26:08
BLD-1047,Payment-Gateway,Success,198,None,2026-06-28 01:26:08
BLD-1048,User-Interface,Failed,148,Dependency Timeout,2026-06-27 01:26:08
BLD-1049,User-Interface,Failed,225,Unit Test Failed,2026-06-28 01:26:08
BLD-1050,Payment-Gateway,Success,48,None,2026-06-27 01:26:08
BLD-1051,Data-Pipeline,Success,293,None,2026-06-30 01:26:08
BLD-1052,Payment-Gateway,Failed,106,Dependency Timeout,2026-06-30 01:26:08
BLD-1053,Data-Pipeline,Failed,281,Syntax Error,2026-07-02 01:26:08
BLD-1054,Data-Pipeline,Success,182,None,2026-06-27 01:26:08
BLD-1055,Backend-Auth,Failed,57,Dependency Timeout,2026-07-02 01:26:08
BLD-1056,User-Interface,Success,67,None,2026-07-02 01:26:08
BLD-1057,Data-Pipeline,Success,138,None,2026-06-30 01:26:08
BLD-1058,Payment-Gateway,Success,65,None,2026-06-28 01:26:08
BLD-1059,Data-Pipeline,Success,99,None,2026-06-30 01:26:08
BLD-1060,Backend-Auth,Success,80,None,2026-06-26 01:26:08
BLD-1061,Backend-Auth,Failed,91,Dependency Timeout,2026-07-01 01:26:08
BLD-1062,Data-Pipeline,Failed,201,Syntax Error,2026-06-28 01:26:08
BLD-1063,Data-Pipeline,Success,240,None,2026-06-26 01:26:08
BLD-1064,Payment-Gateway,Failed,242,Syntax Error,2026-06-30 01:26:08
BLD-1065,User-Interface,Failed,66,Syntax Error,2026-06-26 01:26:08
BLD-1066,Payment-Gateway,Failed,81,Dependency Timeout,2026-06-29 01:26:08
BLD-1067,Backend-Auth,Success,187,None,2026-07-01 01:26:08
BLD-1068,Backend-Auth,Success,227,None,2026-06-26 01:26:08
BLD-1069,Backend-Auth,Success,202,None,2026-07-02 01:26:08
BLD-1070,Data-Pipeline,Success,79,None,2026-06-29 01:26:08
BLD-1071,User-Interface,Success,265,None,2026-06-30 01:26:08
BLD-1072,Backend-Auth,Failed,76,Dependency Timeout,2026-07-02 01:26:08
BLD-1073,User-Interface,Success,300,None,2026-06-27 01:26:08
BLD-1074,User-Interface,Failed,194,Dependency Timeout,2026-06-25 01:26:08
BLD-1075,User-Interface,Success,199,None,2026-06-26 01:26:08
BLD-1076,Backend-Auth,Success,152,None,2026-06-27 01:26:08
BLD-1077,Backend-Auth,Success,212,None,2026-06-29 01:26:08
BLD-1078,User-Interface,Success,233,None,2026-07-02 01:26:08
BLD-1079,Payment-Gateway,Failed,65,Unit Test Failed,2026-06-30 01:26:08
BLD-1080,Data-Pipeline,Success,87,None,2026-06-26 01:26:08
BLD-1081,Data-Pipeline,Success,147,None,2026-07-01 01:26:08
BLD-1082,Backend-Auth,Success,256,None,2026-07-01 01:26:08
BLD-1083,User-Interface,Success,97,None,2026-06-28 01:26:08
BLD-1084,Payment-Gateway,Success,292,None,2026-06-26 01:26:08
BLD-1085,Data-Pipeline,Success,32,None,2026-07-02 01:26:08
BLD-1086,Data-Pipeline,Success,32,None,2026-06-26 01:26:08
BLD-1087,Payment-Gateway,Success,50,None,2026-07-02 01:26:08
BLD-1088,Data-Pipeline,Failed,212,Syntax Error,2026-06-29 01:26:08
BLD-1089,Data-Pipeline,Success,192,None,2026-07-02 01:26:08
BLD-1090,Data-Pipeline,Success,181,None,2026-06-29 01:26:08
BLD-1091,User-Interface,Success,225,None,2026-06-30 01:26:08
BLD-1092,User-Interface,Success,200,None,2026-06-27 01:26:08
BLD-1093,Data-Pipeline,Success,104,None,2026-07-02 01:26:08
BLD-1094,Data-Pipeline,Success,156,None,2026-07-01 01:26:08
BLD-1095,Data-Pipeline,Failed,136,Unit Test Failed,2026-07-02 01:26:08
BLD-1096,User-Interface,Success,82,None,2026-06-30 01:26:08
BLD-1097,Data-Pipeline,Success,120,None,2026-06-25 01:26:08
BLD-1098,User-Interface,Failed,189,Unit Test Failed,2026-06-28 01:26:08
BLD-1099,Payment-Gateway,Success,169,None,2026-06-28 01:26:08
BLD-1100,User-Interface,Success,142,None,2026-06-30 01:26:08
BLD-1101,Backend-Auth,Success,141,None,2026-06-29 01:26:08
BLD-1102,Data-Pipeline,Success,129,None,2026-06-26 01:26:08
BLD-1103,Backend-Auth,Success,216,None,2026-06-28 01:26:08
BLD-1104,Backend-Auth,Success,241,None,2026-06-27 01:26:08
BLD-1105,Data-Pipeline,Success,209,None,2026-06-30 01:26:08
BLD-1106,Backend-Auth,Success,158,None,2026-07-01 01:26:08
BLD-1107,Backend-Auth,Success,137,None,2026-06-29 01:26:08
BLD-1108,User-Interface,Success,286,None,2026-07-02 01:26:08
BLD-1109,Payment-Gateway,Success,208,None,2026-06-29 01:26:08
BLD-1110,Data-Pipeline,Success,127,None,2026-06-25 01:26:08
BLD-1111,User-Interface,Success,94,None,2026-06-29 01:26:08
BLD-1112,Data-Pipeline,Success,204,None,2026-06-29 01:26:08
BLD-1113,User-Interface,Success,107,None,2026-07-01 01:26:08
BLD-1114,Data-Pipeline,Success,141,None,2026-06-28 01:26:08
BLD-1115,Payment-Gateway,Success,112,None,2026-07-02 01:26:08
BLD-1116,Backend-Auth,Failed,215,Dependency Timeout,2026-06-30 01:26:08
BLD-1117,Backend-Auth,Failed,249,Syntax Error,2026-07-02 01:26:08
BLD-1118,User-Interface,Success,262,None,2026-06-26 01:26:08
BLD-1119,Data-Pipeline,Success,47,None,2026-06-25 01:26:08
BLD-1120,Payment-Gateway,Success,46,None,2026-07-02 01:26:08
BLD-1121,Backend-Auth,Success,191,None,2026-06-29 01:26:08
BLD-1122,Backend-Auth,Success,97,None,2026-06-29 01:26:08
BLD-1123,Backend-Auth,Success,120,None,2026-06-27 01:26:08
BLD-1124,Data-Pipeline,Success,167,None,2026-06-26 01:26:08
BLD-1125,Backend-Auth,Success,244,None,2026-07-01 01:26:08
BLD-1126,Backend-Auth,Failed,105,Unit Test Failed,2026-06-30 01:26:08
BLD-1127,Data-Pipeline,Success,69,None,2026-06-28 01:26:08
BLD-1128,Backend-Auth,Success,284,None,2026-07-01 01:26:08
BLD-1129,Data-Pipeline,Success,79,None,2026-06-26 01:26:08
BLD-1130,User-Interface,Success,196,None,2026-06-27 01:26:08
BLD-1131,User-Interface,Success,112,None,2026-06-30 01:26:08
BLD-1132,Backend-Auth,Success,275,None,2026-06-29 01:26:08
BLD-1133,User-Interface,Success,293,None,2026-07-02 01:26:08
BLD-1134,User-Interface,Failed,101,Unit Test Failed,2026-06-27 01:26:08
BLD-1135,Payment-Gateway,Success,189,None,2026-07-01 01:26:08
BLD-1136,Backend-Auth,Success,145,None,2026-06-27 01:26:08
BLD-1137,Data-Pipeline,Failed,65,Syntax Error,2026-06-25 01:26:08
BLD-1138,Backend-Auth,Success,116,None,2026-06-25 01:26:08
BLD-1139,User-Interface,Success,292,None,2026-06-28 01:26:08
BLD-1140,Data-Pipeline,Success,131,None,2026-06-29 01:26:08
BLD-1141,Backend-Auth,Success,201,None,2026-06-30 01:26:08
BLD-1142,User-Interface,Success,201,None,2026-07-01 01:26:08
BLD-1143,Payment-Gateway,Failed,132,Syntax Error,2026-06-30 01:26:08
BLD-1144,User-Interface,Success,203,None,2026-06-27 01:26:08
BLD-1145,Backend-Auth,Success,60,None,2026-06-28 01:26:08
BLD-1146,Payment-Gateway,Success,236,None,2026-06-30 01:26:08
BLD-1147,User-Interface,Failed,96,Unit Test Failed,2026-07-02 01:26:08
BLD-1148,Backend-Auth,Success,155,None,2026-06-27 01:26:08
BLD-1149,Backend-Auth,Failed,31,Unit Test Failed,2026-06-30 01:26:08
BLD-1150,User-Interface,Failed,92,Dependency Timeout,2026-07-01 01:26:08
BLD-1151,User-Interface,Success,288,None,2026-06-27 01:26:08
BLD-1152,Backend-Auth,Success,238,None,2026-06-29 01:26:08
BLD-1153,Payment-Gateway,Success,42,None,2026-06-29 01:26:08
BLD-1154,User-Interface,Failed,31,Unit Test Failed,2026-06-29 01:26:08
BLD-1155,Data-Pipeline,Failed,257,Dependency Timeout,2026-06-26 01:26:08
BLD-1156,Payment-Gateway,Success,91,None,2026-07-02 01:26:08
BLD-1157,Backend-Auth,Success,91,None,2026-07-02 01:26:08
BLD-1158,Data-Pipeline,Success,268,None,2026-07-02 01:26:08
BLD-1159,Payment-Gateway,Success,249,None,2026-07-02 01:26:08
BLD-1160,User-Interface,Success,188,None,2026-07-01 01:26:08
BLD-1161,Backend-Auth,Success,258,None,2026-06-25 01:26:08
BLD-1162,Payment-Gateway,Failed,244,Unit Test Failed,2026-06-29 01:26:08
BLD-1163,User-Interface,Success,103,None,2026-06-30 01:26:08
BLD-1164,Data-Pipeline,Success,273,None,2026-07-01 01:26:08
BLD-1165,User-Interface,Failed,70,Unit Test Failed,2026-06-30 01:26:08
BLD-1166,Data-Pipeline,Success,229,None,2026-06-29 01:26:08
BLD-1167,Data-Pipeline,Success,128,None,2026-06-29 01:26:08
BLD-1168,Backend-Auth,Success,36,None,2026-06-30 01:26:08
BLD-1169,Data-Pipeline,Success,281,None,2026-06-27 01:26:08
BLD-1170,Payment-Gateway,Failed,166,Dependency Timeout,2026-06-25 01:26:08
BLD-1171,Backend-Auth,Success,245,None,2026-06-25 01:26:08
BLD-1172,Data-Pipeline,Success,32,None,2026-06-27 01:26:08
BLD-1173,User-Interface,Failed,167,Syntax Error,2026-06-28 01:26:08
BLD-1174,User-Interface,Success,263,None,2026-06-29 01:26:08
BLD-1175,User-Interface,Failed,127,Dependency Timeout,2026-06-26 01:26:08
BLD-1176,User-Interface,Success,202,None,2026-06-30 01:26:08
BLD-1177,Backend-Auth,Success,100,None,2026-07-01 01:26:08
BLD-1178,Payment-Gateway,Success,200,None,2026-07-01 01:26:08
BLD-1179,User-Interface,Success,68,None,2026-06-25 01:26:08
BLD-1180,Backend-Auth,Success,95,None,2026-07-02 01:26:08
BLD-1181,Backend-Auth,Success,148,None,2026-06-28 01:26:08
BLD-1182,Data-Pipeline,Success,235,None,2026-06-29 01:26:08
BLD-1183,User-Interface,Failed,231,Unit Test Failed,2026-06-30 01:26:08
BLD-1184,User-Interface,Success,210,None,2026-06-28 01:26:08
BLD-1185,User-Interface,Success,85,None,2026-06-29 01:26:08
BLD-1186,Payment-Gateway,Success,189,None,2026-07-01 01:26:08
BLD-1187,Payment-Gateway,Failed,42,Unit Test Failed,2026-06-27 01:26:08
BLD-1188,Payment-Gateway,Success,140,None,2026-06-29 01:26:08
BLD-1189,Data-Pipeline,Success,252,None,2026-06-25 01:26:08
BLD-1190,Backend-Auth,Success,244,None,2026-06-29 01:26:08
BLD-1191,User-Interface,Success,241,None,2026-06-27 01:26:08
BLD-1192,Backend-Auth,Success,178,None,2026-07-02 01:26:08
BLD-1193,Data-Pipeline,Success,265,None,2026-07-02 01:26:08
BLD-1194,Payment-Gateway,Success,104,None,2026-06-30 01:26:08
BLD-1195,Data-Pipeline,Failed,262,Unit Test Failed,2026-06-26 01:26:08
BLD-1196,User-Interface,Success,238,None,2026-06-29 01:26:08
BLD-1197,Data-Pipeline,Failed,158,Syntax Error,2026-06-30 01:26:08
BLD-1198,Backend-Auth,Success,178,None,2026-06-29 01:26:08
BLD-1199,User-Interface,Failed,96,Dependency Timeout,2026-07-01 01:26:08
BLD-1200,Backend-Auth,Success,78,None,2026-06-25 01:26:08
BLD-1201,User-Interface,Success,172,None,2026-06-26 01:26:08
BLD-1202,Backend-Auth,Success,257,None,2026-06-26 01:26:08
BLD-1203,Payment-Gateway,Success,49,None,2026-07-01 01:26:08
BLD-1204,Data-Pipeline,Success,232,None,2026-06-27 01:26:08
BLD-1205,Data-Pipeline,Success,55,None,2026-06-25 01:26:08
BLD-1206,User-Interface,Success,72,None,2026-06-29 01:26:08
BLD-1207,User-Interface,Success,236,None,2026-06-27 01:26:08
BLD-1208,Payment-Gateway,Success,206,None,2026-06-25 01:26:08
BLD-1209,Backend-Auth,Success,299,None,2026-06-27 01:26:08
BLD-1210,User-Interface,Success,51,None,2026-06-28 01:26:08
BLD-1211,User-Interface,Failed,173,Unit Test Failed,2026-06-28 01:26:08
BLD-1212,Backend-Auth,Success,129,None,2026-06-29 01:26:08
BLD-1213,Data-Pipeline,Failed,202,Dependency Timeout,2026-06-26 01:26:08
BLD-1214,User-Interface,Success,175,None,2026-07-02 01:26:08
BLD-1215,Backend-Auth,Failed,276,Unit Test Failed,2026-06-25 01:26:08
BLD-1216,Data-Pipeline,Success,103,None,2026-06-27 01:26:08
BLD-1217,Data-Pipeline,Success,85,None,2026-07-01 01:26:08
BLD-1218,User-Interface,Failed,186,Unit Test Failed,2026-06-26 01:26:08
BLD-1219,Data-Pipeline,Failed,49,Dependency Timeout,2026-06-25 01:26:08
BLD-1220,Payment-Gateway,Success,172,None,2026-06-29 01:26:08
BLD-1221,Backend-Auth,Success,142,None,2026-06-30 01:26:08
BLD-1222,Data-Pipeline,Success,151,None,2026-06-25 01:26:08
BLD-1223,User-Interface,Success,142,None,2026-06-26 01:26:08
BLD-1224,Backend-Auth,Failed,56,Syntax Error,2026-06-28 01:26:08
BLD-1225,Payment-Gateway,Failed,136,Dependency Timeout,2026-06-25 01:26:08
BLD-1226,Payment-Gateway,Success,270,None,2026-06-27 01:26:08
BLD-1227,Payment-Gateway,Success,286,None,2026-06-25 01:26:08
BLD-1228,Payment-Gateway,Success,113,None,2026-06-25 01:26:08
BLD-1229,Backend-Auth,Success,122,None,2026-06-26 01:26:08
BLD-1230,User-Interface,Success,152,None,2026-06-27 01:26:08
BLD-1231,Data-Pipeline,Success,274,None,2026-07-01 01:26:08
BLD-1232,Payment-Gateway,Success,111,None,2026-06-27 01:26:08
BLD-1233,Backend-Auth,Success,288,None,2026-06-30 01:26:08
BLD-1234,Backend-Auth,Success,195,None,2026-06-26 01:26:08
BLD-1235,Backend-Auth,Success,155,None,2026-06-26 01:26:08
BLD-1236,Payment-Gateway,Failed,123,Syntax Error,2026-06-27 01:26:08
BLD-1237,User-Interface,Success,230,None,2026-06-27 01:26:08
BLD-1238,User-Interface,Success,276,None,2026-07-02 01:26:08
BLD-1239,User-Interface,Success,100,None,2026-07-01 01:26:08
BLD-1240,Payment-Gateway,Success,71,None,2026-07-02 01:26:08
BLD-1241,User-Interface,Success,109,None,2026-06-25 01:26:08
BLD-1242,User-Interface,Success,246,None,2026-07-02 01:26:08
BLD-1243,User-Interface,Success,75,None,2026-07-01 01:26:08
BLD-1244,Payment-Gateway,Success,285,None,2026-06-29 01:26:08
BLD-1245,Payment-Gateway,Success,30,None,2026-06-27 01:26:08
BLD-1246,User-Interface,Success,112,None,2026-06-27 01:26:08
BLD-1247,Payment-Gateway,Failed,209,Unit Test Failed,2026-06-25 01:26:08
BLD-1248,User-Interface,Success,152,None,2026-06-25 01:26:08
BLD-1249,Data-Pipeline,Success,276,None,2026-07-01 01:26:08
BLD-1250,Payment-Gateway,Success,87,None,2026-06-27 01:26:08
BLD-1251,Backend-Auth,Success,225,None,2026-06-30 01:26:08
BLD-1252,Data-Pipeline,Success,66,None,2026-06-28 01:26:08
BLD-1253,Data-Pipeline,Success,240,None,2026-06-25 01:26:08
BLD-1254,Backend-Auth,Failed,160,Syntax Error,2026-06-30 01:26:08
BLD-1255,User-Interface,Success,49,None,2026-06-28 01:26:08
BLD-1256,Payment-Gateway,Failed,210,Unit Test Failed,2026-07-02 01:26:08
BLD-1257,Payment-Gateway,Success,33,None,2026-06-26 01:26:08
BLD-1258,Data-Pipeline,Failed,143,Unit Test Failed,2026-06-28 01:26:08
BLD-1259,Payment-Gateway,Success,62,None,2026-06-29 01:26:08
BLD-1260,Data-Pipeline,Success,120,None,2026-06-27 01:26:08
BLD-1261,Data-Pipeline,Success,263,None,2026-06-30 01:26:08
BLD-1262,Data-Pipeline,Failed,68,Unit Test Failed,2026-06-27 01:26:08
BLD-1263,Backend-Auth,Success,201,None,2026-07-02 01:26:08
BLD-1264,User-Interface,Failed,163,Unit Test Failed,2026-06-27 01:26:08
BLD-1265,Payment-Gateway,Success,157,None,2026-06-27 01:26:08
BLD-1266,Data-Pipeline,Failed,44,Syntax Error,2026-07-02 01:26:08
BLD-1267,Data-Pipeline,Success,184,None,2026-06-25 01:26:08
BLD-1268,User-Interface,Success,123,None,2026-06-26 01:26:08
BLD-1269,Data-Pipeline,Success,193,None,2026-07-02 01:26:08
BLD-1270,User-Interface,Failed,249,Syntax Error,2026-07-02 01:26:08
BLD-1271,Backend-Auth,Success,219,None,2026-07-02 01:26:08
BLD-1272,Backend-Auth,Success,164,None,2026-06-29 01:26:08
BLD-1273,User-Interface,Success,103,None,2026-06-28 01:26:08
BLD-1274,User-Interface,Success,219,None,2026-06-27 01:26:08
BLD-1275,Backend-Auth,Success,108,None,2026-06-26 01:26:08
BLD-1276,Data-Pipeline,Success,31,None,2026-07-02 01:26:08
BLD-1277,Payment-Gateway,Failed,270,Unit Test Failed,2026-06-30 01:26:08
BLD-1278,Backend-Auth,Failed,240,Unit Test Failed,2026-07-02 01:26:08
BLD-1279,User-Interface,Success,100,None,2026-07-01 01:26:08
BLD-1280,User-Interface,Success,65,None,2026-06-25 01:26:08
BLD-1281,User-Interface,Success,40,None,2026-06-28 01:26:08
BLD-1282,User-Interface,Success,45,None,2026-07-02 01:26:08
BLD-1283,User-Interface,Failed,156,Syntax Error,2026-06-26 01:26:08
BLD-1284,Data-Pipeline,Success,286,None,2026-06-29 01:26:08
BLD-1285,Data-Pipeline,Success,104,None,2026-06-29 01:26:08
BLD-1286,Payment-Gateway,Success,54,None,2026-06-29 01:26:08
BLD-1287,Data-Pipeline,Success,253,None,2026-06-26 01:26:08
BLD-1288,Data-Pipeline,Failed,66,Unit Test Failed,2026-06-26 01:26:08
BLD-1289,Backend-Auth,Failed,199,Dependency Timeout,2026-07-01 01:26:08
BLD-1290,Backend-Auth,Success,126,None,2026-06-30 01:26:08
BLD-1291,Data-Pipeline,Success,297,None,2026-06-28 01:26:08
BLD-1292,User-Interface,Success,110,None,2026-06-26 01:26:08
BLD-1293,Data-Pipeline,Failed,131,Syntax Error,2026-06-25 01:26:08
BLD-1294,Backend-Auth,Failed,68,Dependency Timeout,2026-06-30 01:26:08
BLD-1295,Data-Pipeline,Success,270,None,2026-06-30 01:26:08
BLD-1296,Backend-Auth,Success,279,None,2026-06-30 01:26:08
BLD-1297,Backend-Auth,Success,190,None,2026-07-02 01:26:08
BLD-1298,Payment-Gateway,Success,141,None,2026-06-27 01:26:08
BLD-1299,Data-Pipeline,Success,252,None,2026-06-25 01:26:08
BLD-1300,Backend-Auth,Success,168,None,2026-06-25 01:26:08
BLD-1301,Data-Pipeline,Success,33,None,2026-07-01 01:26:08
BLD-1302,User-Interface,Success,286,None,2026-07-01 01:26:08
BLD-1303,Payment-Gateway,Success,209,None,2026-07-02 01:26:08
BLD-1304,Payment-Gateway,Success,180,None,2026-06-26 01:26:08
BLD-1305,Data-Pipeline,Success,274,None,2026-06-30 01:26:08
BLD-1306,User-Interface,Success,54,None,2026-06-25 01:26:08
BLD-1307,User-Interface,Success,251,None,2026-07-01 01:26:08
BLD-1308,Backend-Auth,Failed,274,Syntax Error,2026-06-25 01:26:08
BLD-1309,Data-Pipeline,Failed,228,Syntax Error,2026-06-29 01:26:08
BLD-1310,Payment-Gateway,Success,293,None,2026-06-25 01:26:08
BLD-1311,Payment-Gateway,Success,148,None,2026-06-30 01:26:08
BLD-1312,Payment-Gateway,Success,281,None,2026-06-25 01:26:08
BLD-1313,User-Interface,Success,250,None,2026-06-27 01:26:08
BLD-1314,Payment-Gateway,Failed,153,Syntax Error,2026-06-29 01:26:08
BLD-1315,User-Interface,Success,74,None,2026-06-25 01:26:08
BLD-1316,User-Interface,Success,235,None,2026-06-28 01:26:08
BLD-1317,Data-Pipeline,Success,146,None,2026-06-30 01:26:08
BLD-1318,User-Interface,Success,35,None,2026-06-30 01:26:08
BLD-1319,User-Interface,Success,208,None,2026-07-01 01:26:08
BLD-1320,User-Interface,Success,253,None,2026-07-02 01:26:08
BLD-1321,Payment-Gateway,Success,191,None,2026-06-29 01:26:08
BLD-1322,Payment-Gateway,Success,268,None,2026-06-27 01:26:08
BLD-1323,Backend-Auth,Success,77,None,2026-07-02 01:26:08
BLD-1324,Payment-Gateway,Failed,263,Unit Test Failed,2026-06-26 01:26:08
BLD-1325,Data-Pipeline,Success,224,None,2026-06-26 01:26:08
BLD-1326,Data-Pipeline,Failed,190,Unit Test Failed,2026-06-26 01:26:08
BLD-1327,User-Interface,Failed,264,Dependency Timeout,2026-06-25 01:26:08
BLD-1328,User-Interface,Success,197,None,2026-06-27 01:26:08
BLD-1329,User-Interface,Success,164,None,2026-06-26 01:26:08
BLD-1330,Data-Pipeline,Success,131,None,2026-06-28 01:26:08
BLD-1331,Data-Pipeline,Success,264,None,2026-06-26 01:26:08
BLD-1332,Payment-Gateway,Success,294,None,2026-06-26 01:26:08
BLD-1333,Backend-Auth,Failed,129,Unit Test Failed,2026-07-02 01:26:08
BLD-1334,Payment-Gateway,Failed,30,Syntax Error,2026-07-02 01:26:08
BLD-1335,User-Interface,Success,101,None,2026-07-02 01:26:08
BLD-1336,Backend-Auth,Success,175,None,2026-06-25 01:26:08
BLD-1337,Data-Pipeline,Success,285,None,2026-06-26 01:26:08
BLD-1338,Data-Pipeline,Success,190,None,2026-06-28 01:26:08
BLD-1339,User-Interface,Failed,92,Syntax Error,2026-06-28 01:26:08
BLD-1340,User-Interface,Success,85,None,2026-07-02 01:26:08
BLD-1341,Payment-Gateway,Success,71,None,2026-07-01 01:26:08
BLD-1342,Payment-Gateway,Success,200,None,2026-07-02 01:26:08
BLD-1343,Backend-Auth,Success,268,None,2026-06-28 01:26:08
BLD-1344,Backend-Auth,Success,185,None,2026-06-29 01:26:08
BLD-1345,User-Interface,Failed,233,Syntax Error,2026-06-27 01:26:08
BLD-1346,User-Interface,Success,44,None,2026-06-27 01:26:08
BLD-1347,Payment-Gateway,Success,250,None,2026-06-27 01:26:08
BLD-1348,Backend-Auth,Success,290,None,2026-06-25 01:26:08
BLD-1349,User-Interface,Failed,182,Syntax Error,2026-06-26 01:26:08
BLD-1350,Data-Pipeline,Success,49,None,2026-06-29 01:26:08
BLD-1351,Backend-Auth,Failed,248,Dependency Timeout,2026-06-28 01:26:08
BLD-1352,Payment-Gateway,Success,66,None,2026-07-02 01:26:08
BLD-1353,Data-Pipeline,Success,201,None,2026-06-26 01:26:08
BLD-1354,User-Interface,Success,259,None,2026-06-28 01:26:08
BLD-1355,Backend-Auth,Success,141,None,2026-06-26 01:26:08
BLD-1356,Data-Pipeline,Success,277,None,2026-06-27 01:26:08
BLD-1357,Payment-Gateway,Success,30,None,2026-06-28 01:26:08
BLD-1358,User-Interface,Failed,235,Dependency Timeout,2026-06-29 01:26:08
BLD-1359,Backend-Auth,Success,129,None,2026-06-28 01:26:08
BLD-1360,Payment-Gateway,Failed,113,Dependency Timeout,2026-06-25 01:26:08
BLD-1361,User-Interface,Success,221,None,2026-06-30 01:26:08
BLD-1362,Payment-Gateway,Success,195,None,2026-07-01 01:26:08
BLD-1363,Payment-Gateway,Failed,87,Syntax Error,2026-06-30 01:26:08
BLD-1364,User-Interface,Failed,227,Syntax Error,2026-06-27 01:26:08
BLD-1365,Backend-Auth,Success,66,None,2026-06-25 01:26:08
BLD-1366,Data-Pipeline,Failed,44,Syntax Error,2026-07-01 01:26:08
BLD-1367,Payment-Gateway,Failed,134,Unit Test Failed,2026-06-28 01:26:08
BLD-1368,Data-Pipeline,Failed,161,Syntax Error,2026-06-27 01:26:08
BLD-1369,Backend-Auth,Success,87,None,2026-06-28 01:26:08
BLD-1370,Backend-Auth,Success,47,None,2026-07-01 01:26:08
BLD-1371,User-Interface,Success,91,None,2026-06-26 01:26:08
BLD-1372,User-Interface,Success,254,None,2026-07-02 01:26:08
BLD-1373,Payment-Gateway,Success,77,None,2026-06-28 01:26:08
BLD-1374,User-Interface,Success,292,None,2026-06-30 01:26:08
BLD-1375,User-Interface,Success,179,None,2026-07-01 01:26:08
BLD-1376,Backend-Auth,Failed,154,Unit Test Failed,2026-07-02 01:26:08
BLD-1377,Payment-Gateway,Success,220,None,2026-07-01 01:26:08
BLD-1378,Data-Pipeline,Success,88,None,2026-07-02 01:26:08
BLD-1379,User-Interface,Failed,46,Syntax Error,2026-06-25 01:26:08
BLD-1380,User-Interface,Success,186,None,2026-06-26 01:26:08
BLD-1381,Payment-Gateway,Success,97,None,2026-06-28 01:26:08
BLD-1382,Backend-Auth,Success,181,None,2026-07-01 01:26:08
BLD-1383,Payment-Gateway,Failed,97,Syntax Error,2026-06-26 01:26:08
BLD-1384,Payment-Gateway,Success,254,None,2026-06-26 01:26:08
BLD-1385,Data-Pipeline,Success,113,None,2026-06-30 01:26:08
BLD-1386,Data-Pipeline,Success,199,None,2026-06-27 01:26:08
BLD-1387,Data-Pipeline,Success,83,None,2026-06-28 01:26:08
BLD-1388,User-Interface,Success,141,None,2026-07-02 01:26:08
BLD-1389,Data-Pipeline,Success,93,None,2026-06-25 01:26:08
BLD-1390,Payment-Gateway,Success,235,None,2026-06-26 01:26:08
BLD-1391,Backend-Auth,Failed,215,Dependency Timeout,2026-06-28 01:26:08
BLD-1392,Payment-Gateway,Success,148,None,2026-06-30 01:26:08
BLD-1393,Backend-Auth,Failed,85,Syntax Error,2026-06-28 01:26:08
BLD-1394,Payment-Gateway,Failed,160,Syntax Error,2026-06-26 01:26:08
BLD-1395,Backend-Auth,Success,33,None,2026-06-27 01:26:08
BLD-1396,Backend-Auth,Success,105,None,2026-06-25 01:26:08
BLD-1397,Payment-Gateway,Success,125,None,2026-07-02 01:26:08
BLD-1398,Backend-Auth,Failed,136,Unit Test Failed,2026-06-28 01:26:08
BLD-1399,Payment-Gateway,Success,130,None,2026-07-02 01:26:08
BLD-1400,Backend-Auth,Success,209,None,2026-06-29 01:26:08
BLD-1401,Payment-Gateway,Success,127,None,2026-07-02 01:26:08
BLD-1402,User-Interface,Success,231,None,2026-06-29 01:26:08
BLD-1403,User-Interface,Success,247,None,2026-06-28 01:26:08
BLD-1404,User-Interface,Failed,197,Syntax Error,2026-07-02 01:26:08
BLD-1405,Payment-Gateway,Success,134,None,2026-07-01 01:26:08
BLD-1406,Data-Pipeline,Failed,119,Unit Test Failed,2026-06-30 01:26:08
BLD-1407,Payment-Gateway,Success,155,None,2026-06-28 01:26:08
BLD-1408,User-Interface,Success,265,None,2026-07-01 01:26:08
BLD-1409,Backend-Auth,Success,188,None,2026-06-30 01:26:08
BLD-1410,Backend-Auth,Success,79,None,2026-06-25 01:26:08
BLD-1411,Backend-Auth,Success,263,None,2026-06-26 01:26:08
BLD-1412,Data-Pipeline,Success,151,None,2026-06-27 01:26:08
BLD-1413,Backend-Auth,Success,221,None,2026-07-02 01:26:08
BLD-1414,Data-Pipeline,Success,177,None,2026-07-01 01:26:08
BLD-1415,Backend-Auth,Failed,72,Unit Test Failed,2026-07-02 01:26:08
BLD-1416,Data-Pipeline,Success,119,None,2026-07-02 01:26:08
BLD-1417,Payment-Gateway,Failed,201,Dependency Timeout,2026-07-01 01:26:08
BLD-1418,Data-Pipeline,Success,107,None,2026-06-25 01:26:08
BLD-1419,Payment-Gateway,Success,69,None,2026-06-25 01:26:08
BLD-1420,Data-Pipeline,Success,252,None,2026-06-27 01:26:08
BLD-1421,Backend-Auth,Success,256,None,2026-06-29 01:26:08
BLD-1422,Data-Pipeline,Success,229,None,2026-06-27 01:26:08
BLD-1423,Payment-Gateway,Success,185,None,2026-07-01 01:26:08
BLD-1424,Payment-Gateway,Success,61,None,2026-06-30 01:26:08
BLD-1425,User-Interface,Success,292,None,2026-06-27 01:26:08
BLD-1426,Backend-Auth,Success,289,None,2026-06-30 01:26:08
BLD-1427,User-Interface,Success,85,None,2026-06-25 01:26:08
BLD-1428,Backend-Auth,Failed,226,Unit Test Failed,2026-06-25 01:26:08
BLD-1429,Backend-Auth,Success,56,None,2026-07-01 01:26:08
BLD-1430,Data-Pipeline,Success,297,None,2026-06-28 01:26:08
BLD-1431,User-Interface,Success,180,None,2026-06-30 01:26:08
BLD-1432,User-Interface,Success,287,None,2026-06-27 01:26:08
BLD-1433,Backend-Auth,Success,249,None,2026-06-26 01:26:08
BLD-1434,User-Interface,Success,37,None,2026-06-27 01:26:08
BLD-1435,Data-Pipeline,Success,217,None,2026-06-30 01:26:08
BLD-1436,Payment-Gateway,Success,153,None,2026-07-02 01:26:08
BLD-1437,User-Interface,Success,277,None,2026-06-30 01:26:08
BLD-1438,Payment-Gateway,Success,180,None,2026-07-01 01:26:08
BLD-1439,User-Interface,Success,32,None,2026-06-26 01:26:08
BLD-1440,Data-Pipeline,Failed,171,Syntax Error,2026-07-01 01:26:08
BLD-1441,Payment-Gateway,Success,76,None,2026-06-26 01:26:08
BLD-1442,Data-Pipeline,Success,192,None,2026-07-01 01:26:08
BLD-1443,Data-Pipeline,Success,85,None,2026-06-26 01:26:08
BLD-1444,User-Interface,Success,273,None,2026-06-30 01:26:08
BLD-1445,Backend-Auth,Success,101,None,2026-06-25 01:26:08
BLD-1446,User-Interface,Failed,290,Unit Test Failed,2026-06-27 01:26:08
BLD-1447,Data-Pipeline,Success,95,None,2026-06-26 01:26:08
BLD-1448,Backend-Auth,Success,227,None,2026-06-26 01:26:08
BLD-1449,User-Interface,Failed,199,Dependency Timeout,2026-06-29 01:26:08
BLD-1450,User-Interface,Failed,41,Syntax Error,2026-06-27 01:26:08
BLD-1451,Payment-Gateway,Success,265,None,2026-06-27 01:26:08
BLD-1452,User-Interface,Success,176,None,2026-06-26 01:26:08
BLD-1453,Backend-Auth,Success,244,None,2026-06-25 01:26:08
BLD-1454,Backend-Auth,Success,273,None,2026-06-27 01:26:08
BLD-1455,User-Interface,Failed,259,Unit Test Failed,2026-06-25 01:26:08
BLD-1456,Data-Pipeline,Success,230,None,2026-06-30 01:26:08
BLD-1457,Backend-Auth,Success,194,None,2026-07-01 01:26:08
BLD-1458,Data-Pipeline,Success,174,None,2026-07-01 01:26:08
BLD-1459,User-Interface,Success,247,None,2026-06-25 01:26:08
BLD-1460,Backend-Auth,Success,55,None,2026-06-25 01:26:08
BLD-1461,Payment-Gateway,Success,263,None,2026-07-01 01:26:08
BLD-1462,Data-Pipeline,Success,265,None,2026-06-30 01:26:08
BLD-1463,Data-Pipeline,Success,175,None,2026-06-25 01:26:08
BLD-1464,Payment-Gateway,Success,32,None,2026-06-30 01:26:08
BLD-1465,Backend-Auth,Success,189,None,2026-06-29 01:26:08
BLD-1466,Data-Pipeline,Success,101,None,2026-06-26 01:26:08
BLD-1467,Backend-Auth,Failed,176,Unit Test Failed,2026-07-02 01:26:08
BLD-1468,Backend-Auth,Success,294,None,2026-06-29 01:26:08
BLD-1469,User-Interface,Failed,255,Dependency Timeout,2026-06-26 01:26:08
BLD-1470,Payment-Gateway,Success,109,None,2026-07-02 01:26:08
BLD-1471,Data-Pipeline,Success,165,None,2026-06-27 01:26:08
BLD-1472,Data-Pipeline,Success,193,None,2026-06-25 01:26:08
BLD-1473,Data-Pipeline,Failed,45,Syntax Error,2026-06-27 01:26:08
BLD-1474,Data-Pipeline,Success,186,None,2026-06-30 01:26:08
BLD-1475,User-Interface,Success,187,None,2026-06-26 01:26:08
BLD-1476,User-Interface,Success,183,None,2026-07-01 01:26:08
BLD-1477,Data-Pipeline,Success,94,None,2026-06-26 01:26:08
BLD-1478,Data-Pipeline,Success,221,None,2026-07-02 01:26:08
BLD-1479,Payment-Gateway,Failed,288,Dependency Timeout,2026-06-26 01:26:08
BLD-1480,User-Interface,Failed,292,Unit Test Failed,2026-07-01 01:26:08
BLD-1481,Backend-Auth,Success,251,None,2026-06-29 01:26:08
BLD-1482,Backend-Auth,Success,177,None,2026-07-02 01:26:08
BLD-1483,User-Interface,Success,101,None,2026-07-01 01:26:08
BLD-1484,Backend-Auth,Success,221,None,2026-06-25 01:26:08
BLD-1485,Data-Pipeline,Success,100,None,2026-06-27 01:26:08
BLD-1486,Data-Pipeline,Success,167,None,2026-07-02 01:26:08
BLD-1487,Backend-Auth,Success,226,None,2026-06-28 01:26:08
BLD-1488,Backend-Auth,Failed,290,Syntax Error,2026-06-28 01:26:08
BLD-1489,Backend-Auth,Success,163,None,2026-06-29 01:26:08
BLD-1490,User-Interface,Success,123,None,2026-06-30 01:26:08
BLD-1491,User-Interface,Success,89,None,2026-06-27 01:26:08
BLD-1492,Payment-Gateway,Success,191,None,2026-06-26 01:26:08
BLD-1493,Payment-Gateway,Success,182,None,2026-06-26 01:26:08
BLD-1494,User-Interface,Success,247,None,2026-06-26 01:26:08
BLD-1495,Payment-Gateway,Success,149,None,2026-07-02 01:26:08
BLD-1496,Payment-Gateway,Success,139,None,2026-06-25 01:26:08
BLD-1497,Payment-Gateway,Success,221,None,2026-07-01 01:26:08
BLD-1498,User-Interface,Success,226,None,2026-06-26 01:26:08
BLD-1499,Backend-Auth,Failed,71,Dependency Timeout,2026-06-26 01:26:08
BLD-1500,User-Interface,Success,291,None,2026-07-01 01:26:08
